Date,Open,Close
2015-12-31,47.62,47.33
2016-01-04,46.61,46.21
2016-01-05,46.64,47.36
2016-01-06,47.2,47.15
2016-01-07,46.8,46.28
2016-01-08,46.37,45.96
2016-01-11,45.93,45.94
2016-01-12,45.99,45.62
2016-01-13,45.68,45.23
2016-01-14,45.25,45.2
2016-01-15,44.46,44.43
2016-01-19,44.61,44.85
2016-01-20,44.4,43.44
2016-01-21,43.82,43.74
2016-01-22,44.67,44.96
2016-01-25,44.74,44.81
2016-01-26,45.27,45.46
2016-01-27,45.07,44.69
2016-01-28,44.89,44.45
2016-01-29,44.61,45.27
2016-02-01,45.34,45.39
2016-02-02,44.84,44.95
2016-02-03,44.88,45.16
2016-02-04,45.34,45.26
2016-02-05,44.96,44.45
2016-02-08,43.91,42.82
2016-02-09,42.44,42.26
2016-02-10,42.27,42.56
2016-02-11,41.92,42.01
2016-02-12,42.24,42.36
2016-02-16,42.76,43.07
2016-02-17,43.68,43.6
2016-02-18,43.46,43.91
2016-02-19,44.07,44.12
2016-02-22,44.28,44.55
2016-02-23,44.45,44.39
2016-02-24,44.13,44.35
2016-02-25,44.64,45.17
2016-02-26,45.16,45.0
2016-02-29,45.07,45.08
2016-03-01,45.33,46.0
2016-03-02,46.02,46.44
2016-03-03,46.29,46.56
2016-03-04,46.46,46.66
2016-03-07,46.7,46.61
2016-03-08,46.7,46.27
2016-03-09,46.58,46.51
2016-03-10,46.38,46.43
2016-03-11,46.95,47.5
2016-03-14,47.44,47.53
2016-03-15,47.3,47.58
2016-03-16,47.52,48.12
2016-03-17,48.24,48.83
2016-03-18,48.7,48.73
2016-03-21,48.46,48.17
2016-03-22,48.16,48.19
2016-03-23,47.72,47.58
2016-03-24,47.18,47.48
2016-03-28,47.33,47.9
2016-03-29,48.14,48.78
2016-03-30,49.0,48.98
2016-03-31,48.79,48.99
2016-04-01,48.77,49.08
2016-04-04,49.16,49.02
2016-04-05,48.8,48.71
2016-04-06,48.68,48.89
2016-04-07,48.64,48.56
2016-04-08,48.91,48.91
2016-04-11,49.06,48.89
2016-04-12,48.85,49.03
2016-04-13,48.74,48.79
2016-04-14,48.61,48.55
2016-04-15,48.6,48.86
2016-04-18,48.87,48.81
2016-04-19,48.96,49.11
2016-04-20,48.57,48.34
2016-04-21,48.35,47.51
2016-04-22,47.83,48.06
2016-04-25,47.65,48.31
2016-04-26,48.74,48.47
2016-04-27,48.6,48.49
2016-04-28,48.46,48.28
2016-04-29,48.05,47.73
2016-05-02,48.44,48.67
2016-05-03,48.33,48.49
2016-05-04,48.37,49.3
2016-05-05,49.34,49.42
2016-05-06,49.3,49.84
2016-05-09,49.62,50.4
2016-05-10,50.43,50.41
2016-05-11,50.52,49.52
2016-05-12,49.34,49.79
2016-05-13,49.33,49.3
2016-05-16,49.36,49.75
2016-05-17,49.5,48.84
2016-05-18,48.77,48.17
2016-05-19,47.85,47.8
2016-05-20,47.94,48.07
2016-05-23,48.14,48.14
2016-05-24,48.81,48.59
2016-05-25,48.54,48.72
2016-05-26,48.4,48.78
2016-05-27,48.88,48.95
2016-05-31,48.87,49.02
2016-06-01,48.85,48.81
2016-06-02,48.7,49.13
2016-06-03,49.14,49.19
2016-06-06,49.17,48.97
2016-06-07,49.19,49.2
2016-06-08,49.17,49.42
2016-06-09,49.44,49.46
2016-06-10,49.41,49.38
2016-06-13,49.43,49.55
2016-06-14,49.19,49.26
2016-06-15,49.54,49.74
2016-06-16,49.77,49.97
2016-06-17,50.02,49.83
2016-06-20,50.25,50.04
2016-06-21,49.64,49.86
2016-06-22,49.83,49.78
2016-06-23,49.99,49.94
2016-06-24,48.85,49.41
2016-06-27,49.3,49.61
2016-06-28,49.9,50.52
2016-06-29,51.32,51.4
2016-06-30,51.35,51.67
2016-07-01,51.71,52.0
2016-07-05,51.88,52.4
2016-07-06,52.36,52.2
2016-07-07,52.17,51.52
2016-07-08,52.09,52.47
2016-07-11,52.67,52.78
2016-07-12,52.54,52.74
2016-07-13,52.85,52.97
2016-07-14,52.91,52.61
2016-07-15,52.35,52.43
2016-07-18,52.53,52.58
2016-07-19,52.58,52.82
2016-07-20,52.9,52.83
2016-07-21,52.61,52.75
2016-07-22,52.83,53.45
2016-07-25,53.23,53.21
2016-07-26,53.19,53.04
2016-07-27,52.73,52.63
2016-07-28,52.69,53.02
2016-07-29,53.08,53.54
2016-08-01,53.83,53.72
2016-08-02,53.22,53.01
2016-08-03,53.16,52.62
2016-08-04,52.8,52.56
2016-08-05,52.68,52.48
2016-08-08,52.64,52.5
2016-08-09,52.47,52.78
2016-08-10,52.79,52.74
2016-08-11,52.5,52.24
2016-08-12,52.42,52.43
2016-08-15,52.65,52.29
2016-08-16,52.21,51.69
2016-08-17,51.71,51.88
2016-08-18,51.79,51.72
2016-08-19,51.45,51.39
2016-08-22,51.31,51.64
2016-08-23,51.76,51.7
2016-08-24,51.23,51.5
2016-08-25,51.37,51.72
2016-08-26,51.74,51.17
2016-08-29,51.49,51.63
2016-08-30,51.76,51.56
2016-08-31,51.58,51.56
2016-09-01,51.47,51.44
2016-09-02,52.33,51.9
2016-09-06,52.16,52.35
2016-09-07,52.54,52.48
2016-09-08,52.43,52.11
2016-09-09,50.84,50.0
2016-09-12,50.09,50.61
2016-09-13,50.24,49.37
2016-09-14,49.39,49.51
2016-09-15,49.38,49.72
2016-09-16,49.62,49.65
2016-09-19,49.89,50.01
2016-09-20,50.35,50.14
2016-09-21,50.01,50.65
2016-09-22,51.34,51.59
2016-09-23,51.62,51.86
2016-09-26,51.28,51.61
2016-09-27,51.51,51.08
2016-09-28,51.15,51.33
2016-09-29,51.06,50.98
2016-09-30,51.7,50.72
2016-10-03,50.51,49.71
2016-10-04,49.25,48.88
2016-10-05,48.83,47.9
2016-10-06,47.63,47.92
2016-10-07,48.0,47.85
2016-10-10,48.04,48.1
2016-10-11,47.91,47.74
2016-10-12,48.15,48.29
2016-10-13,48.05,48.62
2016-10-14,48.68,48.67
2016-10-17,48.75,48.51
2016-10-18,48.91,48.82
2016-10-19,48.84,48.93
2016-10-20,48.99,48.81
2016-10-21,48.55,48.71
2016-10-24,48.93,48.85
2016-10-25,48.75,48.81
2016-10-26,48.62,48.22
2016-10-27,47.34,47.09
2016-10-28,47.18,47.28
2016-10-31,47.49,47.86
2016-11-01,47.85,46.9
2016-11-02,47.02,46.4
2016-11-03,46.05,46.05
2016-11-04,45.78,46.28
2016-11-07,46.99,46.94
2016-11-08,47.22,47.41
2016-11-09,47.2,46.49
2016-11-10,46.17,45.83
2016-11-11,46.16,46.12
2016-11-14,45.8,47.29
2016-11-15,47.26,46.87
2016-11-16,46.94,46.72
2016-11-17,46.72,46.17
2016-11-18,46.71,46.38
2016-11-21,46.35,46.3
2016-11-22,46.56,47.08
2016-11-23,46.49,46.86
2016-11-25,46.79,47.1
2016-11-28,47.29,47.35
2016-11-29,47.22,47.73
2016-11-30,47.84,47.34
2016-12-01,47.01,46.36
2016-12-02,46.89,47.06
2016-12-05,47.01,47.45
2016-12-06,47.67,47.65
2016-12-07,47.84,48.64
2016-12-08,48.16,48.91
2016-12-09,49.0,48.85
2016-12-12,48.81,49.25
2016-12-13,49.21,49.06
2016-12-14,48.89,48.05
2016-12-15,48.01,47.76
2016-12-16,47.97,48.52
2016-12-19,48.87,49.14
2016-12-20,49.02,49.1
2016-12-21,48.46,47.82
2016-12-22,47.65,47.73
2016-12-23,47.91,47.86
2016-12-27,48.24,48.02
2016-12-28,48.34,47.64
2016-12-29,48.05,48.23
2016-12-30,48.54,48.77
2017-01-03,48.64,49.03
2017-01-04,49.42,49.82
2017-01-05,49.77,49.94
2017-01-06,49.71,50.05
2017-01-09,49.9,49.48
2017-01-10,49.67,49.06
2017-01-11,48.98,48.8
2017-01-12,48.94,49.03
2017-01-13,48.81,48.99
2017-01-17,49.25,49.27
2017-01-18,49.13,49.41
2017-01-19,49.41,48.92
2017-01-20,48.75,49.32
2017-01-23,49.36,49.67
2017-01-24,49.82,49.7
2017-01-25,49.67,49.44
2017-01-26,49.47,49.3
2017-01-27,49.32,48.77
2017-01-30,48.9,48.42
2017-01-31,48.69,48.84
2017-02-01,48.94,48.28
2017-02-02,48.25,48.88
2017-02-03,49.35,48.99
2017-02-06,49.29,49.01
2017-02-07,49.17,48.8
2017-02-08,49.02,49.23
2017-02-09,49.47,49.33
2017-02-10,49.21,49.74
2017-02-13,50.07,49.72
2017-02-14,49.76,49.51
2017-02-15,49.59,49.32
2017-02-16,49.57,49.51
2017-02-17,49.57,49.71
2017-02-21,49.64,50.37
2017-02-22,50.37,50.13
2017-02-23,50.14,50.38
2017-02-24,50.22,50.69
2017-02-27,50.86,50.94
2017-02-28,51.0,50.54
2017-03-01,50.45,50.46
2017-03-02,50.44,50.14
2017-03-03,50.34,49.92
2017-03-06,50.07,49.73
2017-03-07,49.78,49.45
2017-03-08,49.06,48.57
2017-03-09,48.61,47.85
2017-03-10,47.94,47.75
2017-03-13,47.95,47.92
2017-03-14,48.11,47.79
2017-03-15,47.97,48.79
2017-03-16,48.83,48.73
2017-03-17,49.06,48.93
2017-03-20,49.06,48.85
2017-03-21,48.95,48.72
2017-03-22,48.93,48.7
2017-03-23,48.89,49.2
2017-03-24,48.83,48.54
2017-03-27,48.59,48.08
2017-03-28,47.91,48.32
2017-03-29,48.5,48.39
2017-03-30,48.6,48.58
2017-03-31,48.47,48.92
2017-04-03,48.77,48.9
2017-04-04,49.02,48.95
2017-04-05,49.11,49.07
2017-04-06,49.11,49.39
2017-04-07,49.42,49.45
2017-04-10,49.55,49.81
2017-04-11,49.67,50.04
2017-04-12,50.07,50.0
2017-04-13,50.15,49.79
2017-04-17,50.23,50.51
2017-04-18,50.33,50.64
2017-04-19,50.66,50.55
2017-04-20,50.35,50.45
2017-04-21,50.51,50.31
2017-04-24,50.38,49.75
2017-04-25,49.68,50.02
2017-04-26,49.66,49.54
2017-04-27,49.49,49.42
2017-04-28,49.57,49.04
2017-05-01,49.27,49.22
2017-05-02,49.38,49.1
2017-05-03,49.25,48.58
2017-05-04,48.54,48.42
2017-05-05,48.34,48.65
2017-05-08,48.85,48.37
2017-05-09,48.23,48.11
2017-05-10,47.96,48.51
2017-05-11,47.9,48.3
2017-05-12,48.23,48.03
2017-05-15,48.44,48.17
2017-05-16,48.26,47.91
2017-05-17,47.7,48.05
2017-05-18,48.16,48.36
2017-05-19,48.31,48.65
2017-05-22,48.48,48.66
2017-05-23,48.86,48.78
2017-05-24,48.71,49.2
2017-05-25,49.3,49.24
2017-05-26,49.12,48.67
2017-05-30,48.92,48.61
2017-05-31,48.51,48.65
2017-06-01,48.43,48.89
2017-06-02,48.98,49.36
2017-06-05,49.1,49.12
2017-06-06,48.8,48.96
2017-06-07,49.09,49.23
2017-06-08,49.27,48.92
2017-06-09,48.92,49.52
2017-06-12,49.25,49.63
2017-06-13,49.89,50.05
2017-06-14,50.22,49.95
2017-06-15,49.97,50.35
2017-06-16,50.25,50.25
2017-06-19,50.03,50.09
2017-06-20,50.02,50.0
2017-06-21,49.93,49.84
2017-06-22,49.9,50.06
2017-06-23,49.99,50.34
2017-06-26,50.5,50.54
2017-06-27,50.0,49.89
2017-06-28,49.6,49.72
2017-06-29,49.61,49.36
2017-06-30,49.54,49.21
2017-07-03,49.31,50.03
2017-07-05,49.71,49.28
2017-07-06,49.05,48.29
2017-07-07,48.18,48.57
2017-07-10,48.76,48.15
2017-07-11,48.28,48.04
2017-07-12,48.5,48.66
2017-07-13,48.53,48.56
2017-07-14,48.99,49.24
2017-07-17,49.11,49.62
2017-07-18,49.43,49.43
2017-07-19,49.56,49.73
2017-07-20,49.88,49.61
2017-07-21,49.54,49.62
2017-07-24,49.53,49.52
2017-07-25,49.27,49.55
2017-07-26,49.5,49.84
2017-07-27,49.59,49.88
2017-07-28,49.74,49.75
2017-07-31,49.88,49.88
2017-08-01,50.04,50.07
2017-08-02,50.16,49.54
2017-08-03,49.54,49.45
2017-08-04,49.69,49.67
2017-08-07,49.75,49.54
2017-08-08,49.54,49.33
2017-08-09,49.28,49.18
2017-08-10,49.01,48.88
2017-08-11,48.96,48.5
2017-08-14,48.62,49.34
2017-08-15,48.95,49.14
2017-08-16,49.16,49.32
2017-08-17,49.16,49.18
2017-08-18,49.18,48.53
2017-08-21,48.65,49.11
2017-08-22,49.0,48.96
2017-08-23,48.97,49.4
2017-08-24,49.47,49.29
2017-08-25,49.52,49.57
2017-08-28,49.48,49.1
2017-08-29,49.19,49.08
2017-08-30,49.0,49.34
2017-08-31,49.35,49.64
2017-09-01,49.74,49.96
2017-09-05,49.81,49.65
2017-09-06,49.87,49.87
2017-09-07,49.96,50.18
2017-09-08,50.15,50.14
2017-09-11,50.5,50.58
2017-09-12,50.19,49.93
2017-09-13,49.96,49.93
2017-09-14,49.86,50.26
2017-09-15,50.4,50.44
2017-09-18,50.39,50.19
2017-09-19,50.06,49.93
2017-09-20,49.95,49.73
2017-09-21,49.94,49.75
2017-09-22,49.73,49.23
2017-09-25,49.37,49.59
2017-09-26,49.2,49.21
2017-09-27,49.23,48.76
2017-09-28,48.85,49.17
2017-09-29,49.22,49.26
2017-10-02,49.5,49.13
2017-10-03,49.27,49.14
2017-10-04,49.04,49.31
2017-10-05,49.28,49.56
2017-10-06,49.0,49.41
2017-10-09,49.33,49.49
2017-10-10,49.61,49.57
2017-10-11,49.76,49.69
2017-10-12,50.49,50.13
2017-10-13,50.44,50.25
2017-10-16,50.35,49.93
2017-10-17,50.05,50.03
2017-10-18,49.96,50.05
2017-10-19,50.05,49.79
2017-10-20,49.93,49.64
2017-10-23,49.61,49.41
2017-10-24,49.56,49.08
2017-10-25,49.22,48.88
2017-10-26,49.16,48.62
2017-10-27,48.72,48.78
2017-10-30,48.72,48.75
2017-10-31,48.64,48.79
2017-11-01,48.94,48.93
2017-11-02,49.36,49.35
2017-11-03,49.44,49.24
2017-11-06,49.44,49.66
2017-11-07,49.6,50.03
2017-11-08,50.17,50.21
2017-11-09,50.17,50.33
2017-11-10,50.3,50.42
2017-11-13,50.43,50.6
2017-11-14,50.71,50.58
2017-11-15,50.49,50.03
2017-11-16,50.03,50.38
2017-11-17,50.58,50.25
2017-11-20,50.45,50.11
2017-11-21,50.41,50.44
2017-11-22,50.44,50.33
2017-11-24,50.45,50.33
2017-11-27,50.28,50.17
2017-11-28,50.3,49.86
2017-11-29,49.74,50.0
2017-11-30,50.15,50.06
2017-12-01,50.27,50.14
2017-12-04,50.4,49.94
2017-12-05,50.02,49.5
2017-12-06,49.62,49.44
2017-12-07,49.53,49.62
2017-12-08,49.68,49.85
2017-12-11,49.88,49.8
2017-12-12,49.82,50.08
2017-12-13,50.46,50.23
2017-12-14,50.2,50.17
2017-12-15,50.49,50.51
2017-12-18,50.77,50.8
2017-12-19,50.6,49.4
2017-12-20,49.42,48.86
2017-12-21,49.05,48.67
2017-12-22,48.81,49.11
2017-12-26,48.98,49.22
2017-12-27,49.42,49.39
2017-12-28,49.45,49.65
2017-12-29,49.79,49.61
2018-01-02,49.59,49.49
2018-01-03,49.46,49.37
2018-01-04,49.39,48.53
2018-01-05,48.86,48.52
2018-01-08,48.5,48.87
2018-01-09,48.81,48.19
2018-01-10,48.14,47.63
2018-01-11,47.77,47.44
2018-01-12,47.45,47.09
2018-01-16,47.35,47.14
2018-01-17,47.32,47.46
2018-01-18,47.34,46.91
2018-01-19,47.0,47.13
2018-01-22,47.38,47.58
2018-01-23,47.91,48.01
2018-01-24,48.19,47.91
2018-01-25,48.12,47.87
2018-01-26,47.98,47.73
2018-01-29,47.52,47.08
2018-01-30,47.22,46.74
2018-01-31,46.95,47.57
2018-02-01,47.59,46.5
2018-02-02,46.6,46.16
2018-02-05,46.04,44.8
2018-02-06,44.2,44.84
2018-02-07,44.77,44.57
2018-02-08,44.7,43.26
2018-02-09,43.46,44.42
2018-02-12,44.52,44.45
2018-02-13,44.45,44.7
2018-02-14,44.16,44.38
2018-02-15,44.74,44.83
2018-02-16,44.74,45.1
2018-02-20,45.01,44.49
2018-02-21,44.36,43.63
2018-02-22,43.93,44.13
2018-02-23,44.32,44.88
2018-02-26,45.07,44.98
2018-02-27,45.17,43.87
2018-02-28,43.98,43.9
2018-03-01,43.85,43.95
2018-03-02,43.9,43.95
2018-03-05,43.95,44.42
2018-03-06,44.42,44.56
2018-03-07,44.4,44.91
2018-03-08,45.01,44.93
2018-03-09,45.05,45.13
2018-03-12,45.23,45.37
2018-03-13,45.5,45.4
2018-03-14,45.47,45.5
2018-03-15,45.5,45.42
2018-03-16,45.49,45.8
2018-03-19,46.01,45.4
2018-03-20,45.35,45.2
2018-03-21,45.15,44.86
2018-03-22,44.38,44.17
2018-03-23,44.13,43.33
2018-03-26,43.71,43.82
2018-03-27,43.83,43.99
2018-03-28,44.14,45.15
2018-03-29,45.22,45.07
2018-04-02,44.73,44.44
2018-04-03,44.62,44.9
2018-04-04,44.71,45.39
2018-04-05,45.54,45.33
2018-04-06,45.17,45.01
2018-04-09,45.06,44.84
2018-04-10,45.14,44.92
2018-04-11,44.96,44.92
2018-04-12,44.92,44.39
2018-04-13,44.4,44.68
2018-04-16,44.75,44.96
2018-04-17,45.12,45.48
2018-04-18,45.55,45.39
2018-04-19,45.2,44.74
2018-04-20,44.78,44.32
2018-04-23,44.29,44.23
2018-04-24,44.34,44.43
2018-04-25,44.31,44.34
2018-04-26,44.5,45.02
2018-04-27,45.0,45.94
2018-04-30,45.89,45.72
2018-05-01,45.8,46.23
2018-05-02,46.13,45.96
2018-05-03,45.96,45.98
2018-05-04,45.93,46.48
2018-05-07,46.58,46.84
2018-05-08,46.77,46.56
2018-05-09,46.57,46.89
2018-05-10,47.04,47.22
2018-05-11,47.29,47.04
2018-05-14,47.05,46.64
2018-05-15,46.42,45.86
2018-05-16,45.93,45.74
2018-05-17,45.65,45.44
2018-05-18,45.44,45.53
2018-05-21,45.6,46.01
2018-05-22,46.1,46.19
2018-05-23,46.19,46.71
2018-05-24,46.75,46.56
2018-05-25,46.63,46.77
2018-05-29,46.76,47.04
2018-05-30,47.02,47.71
2018-05-31,47.58,47.55
2018-06-01,47.54,47.8
2018-06-04,47.84,48.15
2018-06-05,48.28,48.06
2018-06-06,47.96,48.18
2018-06-07,48.14,48.2
2018-06-08,48.13,48.36
2018-06-11,48.33,48.26
2018-06-12,48.21,48.54
2018-06-13,48.6,47.66
2018-06-14,47.8,48.12
2018-06-15,48.1,48.08
2018-06-18,47.86,48.03
2018-06-19,47.99,48.01
2018-06-20,48.05,48.64
2018-06-21,48.66,48.87
2018-06-22,48.94,49.23
2018-06-25,49.29,49.2
2018-06-26,48.73,48.77
2018-06-27,48.93,48.56
2018-06-28,48.56,49.03
2018-06-29,48.92,49.15
2018-07-02,49.17,48.83
2018-07-03,48.86,49.22
2018-07-05,49.32,49.76
2018-07-06,49.94,50.04
2018-07-09,50.16,49.7
2018-07-10,49.77,49.73
2018-07-11,49.7,49.6
2018-07-12,49.72,49.77
2018-07-13,49.82,49.64
2018-07-16,49.54,49.37
2018-07-17,49.45,48.94
2018-07-18,48.85,48.78
2018-07-19,48.81,49.33
2018-07-20,49.16,48.89
2018-07-23,49.01,48.9
2018-07-24,48.92,48.63
2018-07-25,48.61,49.03
2018-07-26,49.07,49.11
2018-07-27,49.24,48.58
2018-07-30,48.57,48.68
2018-07-31,48.87,49.5
2018-08-01,49.32,49.76
2018-08-02,49.74,49.63
2018-08-03,49.63,50.15
2018-08-06,50.18,50.17
2018-08-07,50.21,50.05
2018-08-08,50.05,49.8
2018-08-09,49.83,49.79
2018-08-10,49.78,49.35
2018-08-13,49.34,49.42
2018-08-14,49.36,49.67
2018-08-15,49.67,50.1
2018-08-16,50.1,50.49
2018-08-17,50.47,50.98
2018-08-20,51.05,50.99
2018-08-21,50.88,50.68
2018-08-22,50.69,50.43
2018-08-23,50.49,50.35
2018-08-24,50.31,50.58
2018-08-27,50.67,50.49
2018-08-28,50.55,51.1
2018-08-29,51.09,51.05
2018-08-30,51.1,50.83
2018-08-31,50.85,51.0
2018-09-04,50.92,50.45
2018-09-05,50.37,50.82
2018-09-06,51.02,50.96
2018-09-07,50.3,50.36
2018-09-10,50.54,50.65
2018-09-11,50.5,50.61
2018-09-12,50.66,50.63
2018-09-13,50.85,50.83
2018-09-14,50.69,50.52
2018-09-17,50.47,50.77
2018-09-18,50.67,50.46
2018-09-19,50.51,49.78
2018-09-20,49.76,50.23
2018-09-21,50.16,50.28
2018-09-24,50.17,49.3
2018-09-25,49.37,49.32
2018-09-26,48.12,47.49
2018-09-27,47.6,47.72
2018-09-28,47.75,48.38
2018-10-01,48.38,47.95
2018-10-02,47.98,47.81
2018-10-03,47.8,47.4
2018-10-04,47.16,46.97
2018-10-05,46.97,46.96
2018-10-08,47.01,47.69
2018-10-09,47.75,47.81
2018-10-10,47.7,47.12
2018-10-11,47.17,45.78
2018-10-12,46.07,45.69
2018-10-15,45.6,45.91
2018-10-16,46.04,46.88
2018-10-17,46.81,46.73
2018-10-18,46.74,46.68
2018-10-19,46.63,46.93
2018-10-22,47.03,46.33
2018-10-23,46.18,46.57
2018-10-24,46.66,47.03
2018-10-25,47.15,47.65
2018-10-26,47.47,46.62
2018-10-29,47.0,47.14
2018-10-30,47.19,47.59
2018-10-31,47.69,46.9
2018-11-01,47.06,47.23
2018-11-02,47.28,46.62
2018-11-05,46.72,47.45
2018-11-06,47.43,47.65
2018-11-07,47.9,48.27
2018-11-08,48.24,48.32
2018-11-09,48.29,48.41
2018-11-12,48.47,48.39
2018-11-13,48.42,48.42
2018-11-14,48.59,48.31
2018-11-15,48.15,47.87
2018-11-16,47.87,48.46
2018-11-19,48.45,48.48
2018-11-20,48.19,48.16
2018-11-21,48.13,48.16
2018-11-23,48.11,48.07
2018-11-26,48.28,48.07
2018-11-27,48.07,48.31
2018-11-28,48.39,48.76
2018-11-29,48.71,48.76
2018-11-30,48.94,49.18
2018-12-03,49.61,49.57
2018-12-04,49.7,48.69
2018-12-06,48.55,50.0
2018-12-07,49.92,49.4
2018-12-10,49.51,49.04
2018-12-11,49.3,49.11
2018-12-12,49.29,48.16
2018-12-13,48.22,48.46
2018-12-14,48.38,48.39
2018-12-17,48.18,46.28
2018-12-18,46.68,46.74
2018-12-19,46.74,46.12
2018-12-20,46.03,45.51
2018-12-21,45.57,45.0
2018-12-24,44.71,43.17
2018-12-26,43.16,44.53
2018-12-27,44.12,44.63
2018-12-28,44.94,44.74
2018-12-31,44.89,44.85
2019-01-02,44.27,43.8
2019-01-03,43.58,44.06
2019-01-04,44.12,44.62
2019-01-07,44.75,45.06
2019-01-08,45.29,46.06
2019-01-09,46.21,46.08
2019-01-10,45.84,46.7
2019-01-11,46.61,46.82
2019-01-14,46.79,46.64
2019-01-15,46.72,47.15
2019-01-16,47.1,47.47
2019-01-17,47.37,47.72
2019-01-18,47.84,47.83
2019-01-22,47.76,47.7
2019-01-23,47.79,47.67
2019-01-24,47.67,47.72
2019-01-25,47.92,48.35
2019-01-28,48.15,48.88
2019-01-29,48.96,49.3
2019-01-30,49.33,49.73
2019-01-31,49.72,50.12
2019-02-01,50.22,49.8
2019-02-04,49.76,50.25
2019-02-05,50.35,50.48
2019-02-06,50.48,50.17
2019-02-07,50.11,50.66
2019-02-08,50.51,50.7
2019-02-11,50.75,50.83
2019-02-12,50.94,50.39
2019-02-13,50.24,50.65
2019-02-14,50.72,50.81
2019-02-15,50.9,51.08
2019-02-19,51.05,51.15
2019-02-20,51.15,50.79
2019-02-21,50.66,50.86
2019-02-22,51.0,51.21
2019-02-25,51.36,50.85
2019-02-26,50.85,50.72
2019-02-27,50.5,50.36
2019-02-28,50.36,50.54
2019-03-01,50.64,50.28
2019-03-04,50.38,50.48
2019-03-05,50.45,50.63
2019-03-06,50.66,50.35
2019-03-07,50.5,50.25
2019-03-08,50.11,50.29
2019-03-11,50.4,50.96
2019-03-12,51.01,51.2
2019-03-13,51.25,51.41
2019-03-14,51.41,51.51
2019-03-15,51.54,51.23
2019-03-18,51.25,50.93
2019-03-19,50.99,50.72
2019-03-20,50.29,50.44
2019-03-21,50.36,51.36
2019-03-22,51.34,51.09
2019-03-25,51.01,51.1
2019-03-26,51.18,51.62
2019-03-27,51.69,51.47
2019-03-28,51.55,51.95
2019-03-29,51.97,51.72
2019-04-01,51.79,51.84
2019-04-02,51.87,52.13
2019-04-03,52.17,52.11
2019-04-04,52.12,52.0
2019-04-05,52.03,52.29
2019-04-08,52.31,51.96
2019-04-09,52.0,51.65
2019-04-10,51.86,52.21
2019-04-11,52.21,52.15
2019-04-12,52.14,52.37
2019-04-15,52.44,52.15
2019-04-16,52.21,50.9
2019-04-17,51.01,50.41
2019-04-18,50.62,50.84
2019-04-22,50.81,50.19
2019-04-23,50.36,50.9
2019-04-24,51.07,51.41
2019-04-25,51.31,51.36
2019-04-26,51.57,51.7
2019-04-29,51.69,51.11
2019-04-30,51.21,51.59
2019-05-01,51.68,51.78
2019-05-02,51.81,51.9
2019-05-03,52.12,52.34
2019-05-06,52.09,52.23
2019-05-07,52.08,51.17
2019-05-08,51.35,51.16
2019-05-09,51.06,51.35
2019-05-10,51.28,51.88
2019-05-13,51.52,51.84
2019-05-14,51.91,52.03
2019-05-15,52.02,52.32
2019-05-16,52.31,52.67
2019-05-17,52.51,52.56
2019-05-20,52.6,51.89
2019-05-21,52.08,52.4
2019-05-22,52.38,52.49
2019-05-23,52.27,52.54
2019-05-24,52.74,52.74
2019-05-28,52.88,52.11
2019-05-29,52.07,51.42
2019-05-30,51.47,51.5
2019-05-31,51.36,51.68
2019-06-03,51.5,51.79
2019-06-04,51.95,51.56
2019-06-05,51.81,52.65
2019-06-06,52.82,52.69
2019-06-07,53.0,52.89
2019-06-10,52.98,52.7
2019-06-11,52.94,52.84
2019-06-12,52.88,52.98
2019-06-13,53.09,53.32
2019-06-14,53.31,53.33
2019-06-17,53.1,53.49
2019-06-18,53.82,53.29
2019-06-19,53.22,53.62
2019-06-20,54.09,53.86
2019-06-21,53.71,53.14
2019-06-24,53.23,52.78
2019-06-25,52.85,52.16
2019-06-26,52.2,51.06
2019-06-27,51.24,51.69
2019-06-28,51.75,52.02
2019-07-01,52.26,51.86
2019-07-02,51.94,52.77
2019-07-03,52.92,53.44
2019-07-05,53.15,53.25
2019-07-08,53.24,53.46
2019-07-09,53.41,53.71
2019-07-10,53.87,54.01
2019-07-11,54.01,53.29
2019-07-12,53.33,53.22
2019-07-15,53.28,53.11
2019-07-16,53.11,53.02
2019-07-17,53.18,52.89
2019-07-18,52.74,52.94
2019-07-19,53.0,52.04
2019-07-22,52.1,51.93
2019-07-23,52.09,52.57
2019-07-24,52.6,52.55
2019-07-25,52.51,52.24
2019-07-26,52.28,52.43
2019-07-29,52.52,52.63
2019-07-30,52.57,52.95
2019-07-31,52.96,52.63
2019-08-01,52.72,52.58
2019-08-02,52.63,52.85
2019-08-05,52.68,51.83
2019-08-06,51.93,52.29
2019-08-07,52.22,52.91
2019-08-08,53.0,53.69
2019-08-09,53.66,53.69
2019-08-12,53.57,53.54
2019-08-13,53.54,53.53
2019-08-14,53.35,52.83
2019-08-15,53.0,53.3
2019-08-16,53.38,53.87
2019-08-19,54.0,54.3
2019-08-20,54.42,53.74
2019-08-21,53.91,53.94
2019-08-22,53.96,54.24
2019-08-23,54.2,53.46
2019-08-26,53.77,53.87
2019-08-27,54.08,53.67
2019-08-28,53.74,53.83
2019-08-29,54.09,54.31
2019-08-30,54.46,54.39
2019-09-03,54.27,54.89
2019-09-04,55.12,55.31
2019-09-05,55.34,54.92
2019-09-06,55.02,55.16
2019-09-09,55.17,55.12
2019-09-10,55.02,54.68
2019-09-11,54.68,54.84
2019-09-12,55.25,55.0
2019-09-13,54.94,54.43
2019-09-16,54.49,54.98
2019-09-17,55.11,55.45
2019-09-18,55.58,55.26
2019-09-19,55.4,55.38
2019-09-20,55.51,55.37
2019-09-23,55.37,55.47
2019-09-24,55.34,54.94
2019-09-25,54.95,55.16
2019-09-26,55.35,55.6
2019-09-27,55.79,55.53
2019-09-30,55.51,55.55
2019-10-01,55.52,55.01
2019-10-02,54.99,54.9
2019-10-03,54.88,55.45
2019-10-04,55.52,55.74
2019-10-07,55.61,55.63
2019-10-08,55.56,55.34
2019-10-09,55.67,55.4
2019-10-10,55.4,55.45
2019-10-11,55.56,55.43
2019-10-14,55.54,55.43
2019-10-15,55.47,55.58
2019-10-16,55.51,55.61
2019-10-17,55.67,55.82
2019-10-18,55.74,56.16
2019-10-21,56.24,56.65
2019-10-22,56.78,56.56
2019-10-23,56.59,56.7
2019-10-24,56.78,56.69
2019-10-25,56.66,56.17
2019-10-28,56.11,55.96
2019-10-29,55.97,56.07
2019-10-30,56.07,56.46
2019-10-31,56.5,56.35
2019-11-01,56.35,56.33
2019-11-04,56.29,55.99
2019-11-05,55.76,55.02
2019-11-06,55.11,55.17
2019-11-07,54.99,54.54
2019-11-08,54.54,54.39
2019-11-11,54.39,54.44
2019-11-12,54.5,54.02
2019-11-13,54.07,54.49
2019-11-14,54.61,54.91
2019-11-15,54.92,55.18
2019-11-18,55.26,55.47
2019-11-19,55.55,55.57
2019-11-20,55.55,55.4
2019-11-21,55.3,54.62
2019-11-22,54.74,54.56
2019-11-25,54.67,54.78
2019-11-26,54.91,55.38
2019-11-27,55.38,55.75
2019-11-29,55.8,55.48
2019-12-02,55.34,54.64
2019-12-03,54.58,54.96
2019-12-04,54.95,55.16
2019-12-05,55.07,55.16
2019-12-06,55.16,55.27
2019-12-09,55.3,55.37
2019-12-10,55.37,55.1
2019-12-11,55.18,54.35
2019-12-12,54.35,53.52
2019-12-13,53.55,53.36
2019-12-16,52.96,53.19
2019-12-17,53.26,52.69
2019-12-18,52.72,53.22
2019-12-19,53.21,53.58
2019-12-20,53.66,53.83
2019-12-23,53.92,53.49
2019-12-24,53.51,53.63
2019-12-26,53.67,53.89
2019-12-27,53.97,54.07
2019-12-30,53.93,54.15
2019-12-31,54.15,54.59
2020-01-02,54.85,53.66
2020-01-03,53.53,54.22
2020-01-06,54.2,54.35
2020-01-07,54.22,53.76
2020-01-08,53.83,53.96
2020-01-09,53.98,53.83
2020-01-10,53.95,54.26
2020-01-13,54.3,54.84
2020-01-14,54.78,54.61
2020-01-15,54.72,55.06
2020-01-16,55.17,55.68
2020-01-17,55.68,55.68
2020-01-21,55.79,56.29
2020-01-22,56.39,55.85
2020-01-23,55.89,56.33
2020-01-24,56.42,56.16
2020-01-27,55.82,55.83
2020-01-28,55.92,56.04
2020-01-29,56.18,55.94
2020-01-30,55.76,55.92
2020-01-31,55.88,55.2
2020-02-03,55.37,55.41
2020-02-04,55.58,55.98
2020-02-05,56.15,55.97
2020-02-06,56.08,56.16
2020-02-07,56.23,56.09
2020-02-10,56.41,56.74
2020-02-11,56.84,56.75
2020-02-12,56.85,56.95
2020-02-13,56.82,57.35
2020-02-14,57.5,58.0
2020-02-18,58.0,57.99
2020-02-19,58.01,57.12
2020-02-20,57.19,57.95
2020-02-21,57.97,58.18
2020-02-24,57.53,57.38
2020-02-25,57.5,55.66
2020-02-26,55.71,55.14
2020-02-27,54.45,52.13
2020-02-28,50.92,50.88
2020-03-02,51.02,52.78
2020-03-03,52.85,52.56
2020-03-04,53.41,54.5
2020-03-05,53.62,53.26
2020-03-06,51.98,52.33
2020-03-09,49.48,48.21
2020-03-10,49.5,50.18
2020-03-11,48.99,46.9
2020-03-12,43.77,41.96
2020-03-13,44.09,45.6
2020-03-16,40.62,36.87
2020-03-17,37.69,38.89
2020-03-18,36.33,34.89
2020-03-19,34.2,35.27
2020-03-20,35.57,33.75
2020-03-23,33.55,32.36
2020-03-24,33.89,35.32
2020-03-25,35.23,36.91
2020-03-26,37.2,39.22
2020-03-27,38.26,39.47
2020-03-30,39.54,39.91
2020-03-31,39.6,39.17
2020-04-01,37.5,36.36
2020-04-02,36.01,36.02
2020-04-03,35.66,35.36
2020-04-06,36.57,38.31
2020-04-07,39.83,38.83
2020-04-08,39.48,41.27
2020-04-09,42.07,43.83
2020-04-13,43.62,41.95
2020-04-14,42.78,43.1
2020-04-15,41.77,41.24
2020-04-16,41.09,40.47
2020-04-17,41.53,41.91
2020-04-20,41.03,40.22
2020-04-21,39.14,39.58
2020-04-22,40.09,39.93
2020-04-23,40.09,39.62
2020-04-24,39.69,39.89
2020-04-27,40.15,41.4
2020-04-28,42.06,42.09
2020-04-29,42.92,43.18
2020-04-30,42.85,42.45
2020-05-01,41.37,40.98
2020-05-04,40.4,40.67
2020-05-05,41.08,40.77
2020-05-06,40.9,39.97
2020-05-07,40.38,40.69
2020-05-08,41.21,41.71
2020-05-11,41.02,40.91
2020-05-12,41.11,38.87
2020-05-13,38.65,37.9
2020-05-14,37.33,38.09
2020-05-15,37.79,37.9
2020-05-18,39.2,40.38
2020-05-19,40.25,40.02
2020-05-20,40.42,40.42
2020-05-21,40.19,40.47
2020-05-22,40.44,40.71
2020-05-26,41.82,42.46
2020-05-27,43.47,43.16
2020-05-28,43.54,43.17
2020-05-29,42.78,42.58
2020-06-01,42.51,43.61
2020-06-02,43.98,43.95
2020-06-03,44.33,45.59
2020-06-04,45.51,45.4
2020-06-05,46.84,47.4
2020-06-08,48.2,48.66
2020-06-09,47.75,47.64
2020-06-10,47.52,46.21
2020-06-11,43.99,43.24
2020-06-12,44.57,44.95
2020-06-15,43.19,45.16
2020-06-16,46.75,46.18
2020-06-17,46.34,45.42
2020-06-18,44.98,45.03
2020-06-19,45.65,43.85
2020-06-22,43.77,43.88
2020-06-23,44.31,43.63
2020-06-24,43.09,42.5
2020-06-25,42.24,43.09
2020-06-26,42.93,42.31
2020-06-29,42.62,43.14
2020-06-30,43.26,43.48
2020-07-01,43.5,44.57
2020-07-02,45.21,44.39
2020-07-06,45.21,44.26
2020-07-07,43.86,43.21
2020-07-08,43.2,43.14
2020-07-09,43.1,42.78
2020-07-10,42.65,42.99
2020-07-13,43.18,42.62
2020-07-14,42.59,42.89
2020-07-15,43.53,43.52
2020-07-16,43.22,42.86
2020-07-17,42.96,43.45
2020-07-20,43.26,42.67
2020-07-21,43.04,42.92
2020-07-22,42.73,43.78
2020-07-23,43.63,43.52
2020-07-24,43.3,43.19
2020-07-27,43.24,43.52
2020-07-28,43.43,44.46
2020-07-29,44.6,45.29
2020-07-30,44.76,45.26
2020-07-31,45.23,45.3
2020-08-03,45.24,44.74
2020-08-04,44.65,45.46
2020-08-05,45.64,45.25
2020-08-06,45.14,45.36
2020-08-07,45.22,46.03
2020-08-10,46.13,46.24
2020-08-11,46.71,45.6
2020-08-12,46.06,45.96
2020-08-13,45.79,45.25
2020-08-14,45.15,45.3
2020-08-17,45.3,45.7
2020-08-18,45.77,45.42
2020-08-19,45.5,44.59
2020-08-20,44.35,45.15
2020-08-21,44.97,45.1
2020-08-24,45.18,45.56
2020-08-25,45.77,45.69
2020-08-26,45.6,45.13
2020-08-27,45.26,45.85
2020-08-28,45.93,46.1
2020-08-31,46.09,45.62
2020-09-01,45.41,45.64
2020-09-02,45.65,46.45
2020-09-03,46.4,45.93
2020-09-04,46.1,45.87
2020-09-08,45.88,45.26
2020-09-09,45.49,45.55
2020-09-10,45.59,45.01
2020-09-11,45.18,44.7
2020-09-14,44.98,45.88
2020-09-15,46.09,46.19
2020-09-16,46.44,46.49
2020-09-17,46.07,45.73
2020-09-18,45.71,44.67
2020-09-21,44.2,43.23
2020-09-22,43.3,43.68
2020-09-23,43.43,42.01
2020-09-24,42.11,42.2
2020-09-25,42.19,43.09
2020-09-28,43.69,44.19
2020-09-29,44.15,43.7
2020-09-30,43.89,43.74
2020-10-01,43.93,44.88
2020-10-02,44.22,45.74
2020-10-05,45.86,46.02
2020-10-06,46.1,45.83
2020-10-07,46.11,45.86
2020-10-08,46.01,46.69
2020-10-09,46.9,46.46
2020-10-12,46.56,46.68
2020-10-13,46.54,45.8
2020-10-14,45.79,45.22
2020-10-15,44.88,45.4
2020-10-16,45.43,44.95
2020-10-19,45.01,44.17
2020-10-20,44.43,44.52
2020-10-21,44.43,44.41
2020-10-22,44.43,44.79
2020-10-23,44.97,45.01
2020-10-26,44.67,44.25
2020-10-27,44.28,43.43
2020-10-28,42.71,42.35
2020-10-29,42.36,42.87
2020-10-30,42.66,42.62
2020-11-02,42.9,43.75
2020-11-03,44.08,44.8
2020-11-04,45.06,44.69
2020-11-05,45.07,44.81
2020-11-06,44.89,44.32
2020-11-09,46.9,46.49
2020-11-10,46.47,47.59
2020-11-11,47.78,47.6
2020-11-12,47.52,46.85
2020-11-13,46.99,48.11
2020-11-16,49.08,48.93
2020-11-17,48.56,48.98
2020-11-18,49.08,47.75
2020-11-19,47.66,47.94
2020-11-20,47.93,47.91
2020-11-23,48.16,48.0
2020-11-24,48.59,48.43
2020-11-25,48.29,48.28
2020-11-27,48.46,47.92
2020-11-30,47.84,47.32
2020-12-01,47.87,47.94
2020-12-02,47.83,47.68
2020-12-03,47.73,48.17
2020-12-04,48.38,49.02
2020-12-07,48.92,48.55
2020-12-08,48.48,48.37
2020-12-09,48.5,48.11
2020-12-10,47.76,47.79
2020-12-11,47.64,47.73
2020-12-14,47.75,47.14
2020-12-15,47.41,48.27
2020-12-16,48.36,48.27
2020-12-17,48.5,48.68
2020-12-18,48.81,47.56
2020-12-21,46.98,47.3
2020-12-22,47.36,47.69
2020-12-23,47.92,47.41
2020-12-24,47.44,47.77
2020-12-28,48.01,48.17
2020-12-29,48.3,47.72
2020-12-30,47.84,47.93
2020-12-31,47.98,48.41
2021-01-04,48.58,46.74
2021-01-05,46.8,46.69
2021-01-06,46.86,47.02
2021-01-07,47.11,46.83
2021-01-08,46.88,47.23
2021-01-11,46.93,46.55
2021-01-12,46.51,46.77
2021-01-13,46.77,47.47
2021-01-14,47.61,47.83
2021-01-15,47.74,48.36
2021-01-19,48.58,48.11
2021-01-20,48.13,49.06
2021-01-21,48.93,48.76
2021-01-22,48.51,48.88
